43074,"""Ghostbusters""",,Ghostbusters
47933,"""Independence Day: Resurgence""",,IndependenceDay
58431,"""Pride and Prejudice and Zombies""",,PPZmovie
68735,"""Warcraft""",,warcraftmovie
140300,"""Kung Fu Panda 3""",,DreamWorksKFP3
146198,"""Triple 9""",,Triple9Movie
153518,"""The Angry Birds Movie""",,AngryBirdMovie
174751,"""Jane Got a Gun""",,janegotagunfilm
188927,"""Star Trek Beyond""",,StarTrekMovie
205584,"""Gods of Egypt""",,GodsofEgypt
209112,"""Batman v Superman: Dawn of Justice""",,BatmanvSuperman
223702,"""Sausage Party""",,sausage_party
241259,"""Alice Through the Looking Glass""",,
245703,"""Midnight Special""",,midnightspecial
246655,"""X-Men: Apocalypse""",,XMenMoviesUK ‏
258489,"""The Legend of Tarzan""",,legendoftarzan
259693,"""The Conjuring 2""",,TheConjuring
259694,"""How to Be Single""",,HowToBeSingle
262504,"""Allegiant""",,Divergent
267860,"""London Has Fallen""",,londonfallen
267935,"""The BFG""",,BFGMovie ‏
270487,"""Hail Caesar!""",,HailCaesarMovie
271110,"""Captain America: Civil War""",,CaptainAmerica
271969,"""Ben-Hur""",,BenHurMovie
278927,"""The Jungle Book""",,TheJungleBook
290595,"""The Huntsman: Winter's War""",,TheHuntsman
291805,"""Now You See Me 2""",,NYSMmovie
291870,"""Dirty Grandpa""",,DirtyGrandpa
293660,"""Deadpool""",,deadpoolmovie
294272,"""Pete's Dragon""",,disneypetes
296096,"""Me Before You""",,mebeforeyou ‏
297761,"""Suicide Squad""",,SuicideSquadWB ‏
299687,"""The 5th Wave""",,5thWaveMovie ‏
300671,"""13 Hours: The Secret Soldiers of Benghazi""",,13hours ‏
300673,"""The Finest Hours""",,
301365,"""The Neon Demon""",,tnd_film
302156,"""Criminal""",,
302688,"""My Big Fat Greek Wedding 2""",,MBFGreekWedding
302699,"""Central Intelligence""",,CentralIntel
303858,"""Money Monster""",,moneymonster
308531,"""Teenage Mutant Ninja Turtles: Out of the Shadows""",,TMNTMovie
310131,"""The Witch""",,thewitchmovie
313922,"""Green Room""",,greenroommovie
315011,"""Shin Godzilla""",,
315664,"""Florence Foster Jenkins""",,ffjmovie
316152,"""Free State of Jones""",,freestatemovie
316727,"""The Purge: Election Year""",,
318850,"""The Young Messiah""",,youngmessiahMOV
319888,"""Eddie the Eagle""",,eddieeaglemovie
321258,"""The Boy""",,theboymovie
323675,"""Ride Along 2""",,ridealong
323676,"""The Boss""",,thebossfilm
323677,"""Race""",,racemovie
324668,"""Jason Bourne""",,jasonbourne
325133,"""Neighbors 2: Sorority Rising""",,neighborsmovie
325789,"""The Infiltrator""",,infiltratormov
328111,"""The Secret Life of Pets""",,PetsMovie
328387,"""Nerve""",,PlayNerve
329440,"""The Forest""",,theforestisreal
329833,"""Zoolander 2""",,zoolandermovie
332567,"""The Shallows""",,shallowsmovie
333371,"""10 Cloverfield Lane""",,10cloverfieldln
335778,"""Risen""",,RisenMovie
339408,"""The Birth of a Nation""",,natturnerfilm
339984,"""Miracles from Heaven""",,miraclesheaven
342521,"""Keanu""",,keanumovie
345911,"""Lights Out""",,lightsoutmovie
347126,"""God's Not Dead 2""",,godsnotdeadfilm
351819,"""Fifty Shades of Black""",,fsobmovie
375290,"""Airlift""",,airliftfilm
376659,"""Bad Moms""",,badmoms
381902,"""The Monkey King 2""",,
