10317,Our Brand Is Crisis,,,,,2015 movies
76341,Mad Max: Fury Road,MadMaxMovie ,#MadMax,,,
76757,Jupiter Ascending,HarvestTruth‏,#JupiterAscending,,,
87101,Terminator Genisys,Terminator‏,#TerminatorGenisys,,,
99861,Avengers: Age of Ultron,avengers2movie ,#AvengersAgeOfUltron #AgeOfUltron #Avenger,,,
102899,Ant-Man,AntMan ,#AntMan,,,
105864,The Good Dinosaur,TheGoodDinosaur,#thegooddinosaur #GoodDino,,,
131634,The Hunger Games: Mockingjay - Part 2,HungerGamesUK ,#MockingjayPart2 #HungerGames,,,
135397,Jurassic World,JurassicWorld ,#jurassicworld #fallenkingdom #JurassicWorldFallenKingdom,,,
150540,Inside Out,PixarInsideOut,#InsideOut ,,,
150689,Cinderella,CinderellaMovie‏,#Cinderella ,,,
157544,The Vatican Tapes,,#TheVaticanTapes,,,
158852,Tomorrowland,_0_Tomorrowland,#TomorrowLand ,,,
159824,Hotel Transylvania 2,HotelT2Game ,#HotelT #HotelT2 ,,,
166424,Fantastic Four,FantasticFour ,#FantasticFour,,,
167073,Brooklyn,,,,,
168259,Furious 7,fast7Official ,#fast7 #Furious7 #F7 #Furious ,,,
177677,Mission: Impossible - Rogue Nation,MissionFilm ,#MissionImpossible ,,,
181283,Child 44,Child44Movie,#Child4,,,
192141,No Escape,NoEscapeMovie,#NoEscapeMovie,,,
198184,Chappie,ChappieTheMovie ,#ChappieMovie #Chappie,,,
201088,Blackhat,blackhatmovie,,,,
203801,The Man from U.N.C.L.E.,ManFromUNCLE,,,,
205775,In the Heart of the Sea,,,,,
206647,Spectre,,,,,
210860,Mortdecai,PartTimeRogue,,,,
211672,Minions,Minions,,,,
214756,Ted 2,Ted2Official,,,,
216015,Fifty Shades of Grey,FiftyShades,,,,
222936,Aloha,AlohaTheMovie,,,,
227719,Project Almanac,AlmanacMovie,,,,
227973,The Peanuts Movie,PeanutsMovie ,,,,
228066,Victor Frankenstein,Frankenstein,,,,
228161,Home,Home_TheMovie,,,,
228165,The SpongeBob Movie: Sponge Out of Water,SpongeBobMovie,,,,
228205,The Longest Ride,TheLongestRide,,,,
234212,Demonic,,,,,
238615,Self/less,SelflessFilm,,,,
239573,Unfinished Business,usinessMovie,,,,
241251,The Boy Next Door,TheBoyNextDoor,,,,
241554,Run All Night,RunAllNightFilm,,,,
243938,Hot Tub Time Machine 2,HotTubMovie,,,,
243940,The Lazarus Effect,lazarus_ind,,,,
245846,Strangerland,,,,,
250124,The Diary of a Teenage Girl,DiaryTheMovie,,,,
252512,While We're Young,WhileWereYoung,,,,
253412,Everest,everestmovie,,,,
253450,The Assassin,AssassinsMovie,,,,
254128,San Andreas,SanAndreasMovie,,,,
254470,Pitch Perfect 2,PitchPerfQuotes,,,,
256040,Baahubali: The Beginning,BaahubaliMovie,,,,
256591,Focus,FocusMovieUK,,,,
256924,Danny Collins,,,,,
256961,Paul Blart: Mall Cop 2,PaulBlartMovie,,,,
256962,Little Boy,LittleBoyFilm,,,,
257088,Point Break,PointBreak‏,,,,
257091,Get Hard,gethardmovie,,,,
257211,The Intern,TheInternMovie,,,,
257344,Pixels,PixelsMovie,,,,
257445,Goosebumps,GoosebumpsMovie,,,,
261023,Black Mass,"BlackMassMovie
",,,,
262500,Insurgent,,,,,
264644,Room,RoomTheMovie,,,,
264660,Ex Machina,exmachinamovie,,,,
264999,Magic Mike XXL,magicmikemovie,,,,
266396,The Gunman,GunmanThe,,,,
266647,Pan,panmovie,,,,
268238,The Second Best Exotic Marigold Hotel,,,,,
268920,Hot Pursuit,hotpursuitmovie,,,,
270303,It Follows,itfollowsfilm,,,,
271718,Trainwreck,trainwreckmovie,,,,
272693,The DUFF,TheDUFF,,,,
272878,Max,,,,,
273248,The Hateful Eight,thehatefuleight,,,,
273481,Sicario,sicariomovie,,,,
273899,Stonewall,stonewall_movie,,,,
274167,Daddy's Home,DaddysHome,,,,
274479,Joy,joythemovie,,,,
274854,The Last Witch Hunter,LastWitchHunter,,,,
276907,Legend,LegendTheFilm,,,,
277216,Straight Outta Compton,ComptonMovie,,,,
277685,Unfriended,UnfriendedMovie,,,,
280092,Insidious: Chapter 3,InsidiousMovie,,,,
281957,The Revenant,RevenantMovie,,,,
283445,Sinister 2,SinisterMovie,,,,
285783,The Walk,TheWalkMovie,,,,
286217,The Martian,MartianMovie,,,,
286565,Paper Towns,PaperTownsMovie,,,,
287424,Maggie,,,,,
287903,Krampus,KrampusDVD,,,,
287948,The Transporter Refueled,TheTransporter,,,,
290751,Secret in Their Eyes,,,,,
291270,Anomalisa,Anomalisamovie,,,,
293646,The 33,the33film,,,,
293863,The Age of Adaline,AgeOfAdaline,,,,
294254,Maze Runner: The Scorch Trials,MazeRunnerMovie,,,,
295964,Burnt,BurntMovie,,,,
296098,Bridge of Spies,BridgeofSpies,,,,
296099,Vacation,vacationmovie,,,,
298312,The Visit,TheVisitMovie,,,,
299245,The Gallows,TheGallowsMovie,,,,
300168,Dragon Blade,,,,,
301351,We Are Your Friends,WAYFMovie,,,,
304357,Woman in Gold,,,,,
306745,Freeheld,freeheldmovie,,,,
307081,Southpaw,SouthpawMovie,,,,
308639,Dope,DopeMovie,,,,
309809,The Little Prince,,,,,
312221,Creed,creedmovie,,,,
314365,Spotlight,SpotlightMovie,,,,
314385,By the Sea,ByTheSeaMovie,,,,
318846,The Big Short,thebigshort,,,,
321697,Steve Jobs,SteveJobsFilm,,,,
321741,Concussion,ConcussionMovie ‏,,,,
328425,The Gift,TheGiftMovie,#TheGift  #TheGiftMovie,,,
331190,Captive,Captive,#captivethemovie,,,
333348,Love the Coopers,lovethecoopers ‏,#LoveTheCoopers,,,
336004,Heist,,,,,
343795,90 Minutes in Heaven,90minutesheaven,#90MinutesInHeaven,,,
364083,Mi America,miamericamovie,,,,
365222,Ip Man 3,,#ipman3 ,,,43074,"""Ghostbusters""",,Ghostbusters
47933,"""Independence Day: Resurgence""",,IndependenceDay
58431,"""Pride and Prejudice and Zombies""",,PPZmovie
68735,"""Warcraft""",,warcraftmovie
140300,"""Kung Fu Panda 3""",,DreamWorksKFP3
146198,"""Triple 9""",,Triple9Movie
153518,"""The Angry Birds Movie""",,AngryBirdMovie
174751,"""Jane Got a Gun""",,janegotagunfilm
188927,"""Star Trek Beyond""",,StarTrekMovie
205584,"""Gods of Egypt""",,GodsofEgypt
209112,"""Batman v Superman: Dawn of Justice""",,BatmanvSuperman
223702,"""Sausage Party""",,ausage_party
241259,"""Alice Through the Looking Glass""",,
245703,"""Midnight Special""",,midnightspecial
246655,"""X-Men: Apocalypse""",,XMenMoviesUK ‏
258489,"""The Legend of Tarzan""",,legendoftarzan
259693,"""The Conjuring 2""",,TheConjuring
259694,"""How to Be Single""",,HowToBeSingle
262504,"""Allegiant""",,Divergent
267860,"""London Has Fallen""",,londonfallen
267935,"""The BFG""",,BFGMovie ‏
270487,"""Hail Caesar!""",,HailCaesarMovie
271110,"""Captain America: Civil War""",,CaptainAmerica
271969,"""Ben-Hur""",,BenHurMovie
278927,"""The Jungle Book""",,TheJungleBook
290595,"""The Huntsman: Winter's War""",,TheHuntsman
291805,"""Now You See Me 2""",,NYSMmovie
291870,"""Dirty Grandpa""",,DirtyGrandpa
293660,"""Deadpool""",,deadpoolmovie
294272,"""Pete's Dragon""",,disneypetes
296096,"""Me Before You""",,mebeforeyou ‏
297761,"""Suicide Squad""",,SuicideSquadWB ‏
299687,"""The 5th Wave""",,5thWaveMovie ‏
300671,"""13 Hours: The Secret Soldiers of Benghazi""",,13hours ‏
300673,"""The Finest Hours""",,
301365,"""The Neon Demon""",,tnd_film
302156,"""Criminal""",,
302688,"""My Big Fat Greek Wedding 2""",,MBFGreekWedding
302699,"""Central Intelligence""",,CentralIntel
303858,"""Money Monster""",,moneymonster
308531,"""Teenage Mutant Ninja Turtles: Out of the Shadows""",,TMNTMovie
310131,"""The Witch""",,thewitchmovie
313922,"""Green Room""",,greenroommovie
315011,"""Shin Godzilla""",,
315664,"""Florence Foster Jenkins""",,ffjmovie
316152,"""Free State of Jones""",,freestatemovie
316727,"""The Purge: Election Year""",,
318850,"""The Young Messiah""",,youngmessiahMOV
319888,"""Eddie the Eagle""",,eddieeaglemovie
321258,"""The Boy""",,theboymovie
323675,"""Ride Along 2""",,ridealong
323676,"""The Boss""",,thebossfilm
323677,"""Race""",,racemovie
324668,"""Jason Bourne""",,jasonbourne
325133,"""Neighbors 2: Sorority Rising""",,neighborsmovie
325789,"""The Infiltrator""",,infiltratormov
328111,"""The Secret Life of Pets""",,PetsMovie
328387,"""Nerve""",,PlayNerve
329440,"""The Forest""",,theforestisreal
329833,"""Zoolander 2""",,zoolandermovie
332567,"""The Shallows""",,shallowsmovie
333371,"""10 Cloverfield Lane""",,10cloverfieldln
335778,"""Risen""",,RisenMovie
339408,"""The Birth of a Nation""",,natturnerfilm
339984,"""Miracles from Heaven""",,miraclesheaven
342521,"""Keanu""",,keanumovie
345911,"""Lights Out""",,lightsoutmovie
347126,"""God's Not Dead 2""",,godsnotdeadfilm
351819,"""Fifty Shades of Black""",,fsobmovie
375290,"""Airlift""",,airliftfilm
376659,"""Bad Moms""",,badmoms
381902,"""The Monkey King 2""",,